"Admiralty, MRT"
"Aljunied, MRT"
"Ang Mo Kio, MRT"
"Bartley, MRT"
"Bayfront, MRT"
"Beauty World, MRT"
"Bedok, MRT"
"Bishan, MRT"
"Boon Keng, MRT"
"Boon Lay, MRT"
"Botanic Gardens, MRT"
"Braddell, MRT"
"Bras Basah, MRT"
"Buangkok, MRT"
"Bugis, MRT"
"Bukit Batok, MRT"
"Bukit Gombak, MRT"
"Bukit Panjang, MRT"
"Buona Vista, MRT"
"Caldecott, MRT"
"Cashew, MRT"
"Changi Airport, MRT"
"Chinatown, MRT"
"Chinese Garden, MRT"
"Choa Chu Kang, MRT"
"City Hall, MRT"
"Clarke Quay, MRT"
"Clementi, MRT"
"Commonwealth, MRT"
"Dakota, MRT"
"Dhoby Ghaut, MRT"
"Dover, MRT"
"Downtown, MRT"
"Esplanade, MRT"
"Eunos, MRT"
"Expo, MRT"
"Farrer Park, MRT"
"Farrer Road, MRT"
"HarbourFront, MRT"
"Haw Par Villa, MRT"
"Hillview, MRT"
"Holland Village, MRT"
"Hougang, MRT"
"Joo Koon, MRT"
"Jurong East, MRT"
"Kallang, MRT"
"Kembangan, MRT"
"Kent Ridge, MRT"
"Khatib, MRT"
"King Albert Park, MRT"
"Kovan, MRT"
"Kranji, MRT"
"Labrador Park, MRT"
"Lakeside, MRT"
"Lavender, MRT"
"Little India, MRT"
"Lorong Chuan, MRT"
"MacPherson, MRT"
"Marina Bay, MRT"
"Marina South Pier, MRT"
"Marsiling, MRT"
"Marymount, MRT"
"Mountbatten, MRT"
"Newton, MRT"
"Nicoll Highway, MRT"
"Novena, MRT"
"one-north, MRT"
"Orchard, MRT"
"Outram Park, MRT"
"Pasir Panjang, MRT"
"Pasir Ris, MRT"
"Paya Lebar, MRT"
"Pioneer, MRT"
"Potong Pasir, MRT"
"Promenade, MRT"
"Punggol, MRT"
"Queenstown, MRT"
"Raffles Place, MRT"
"Redhill, MRT"
"Rochor, MRT"
"Sembawang, MRT"
"Sengkang, MRT"
"Serangoon, MRT"
"Simei, MRT"
"Sixth Avenue, MRT"
"Somerset, MRT"
"Stadium, MRT"
"Stevens, MRT"
"Tai Seng, MRT"
"Tampines, MRT"
"Tan Kah Kee, MRT"
"Tanah Merah, MRT"
"Tanjong Pagar, MRT"
"Telok Ayer, MRT"
"Telok Blangah, MRT"
"Tiong Bahru, MRT"
"Toa Payoh, MRT"
"Woodlands, MRT"
"Woodleigh, MRT"
"Yew Tee, MRT"
"Yio Chu Kang, MRT"
"Yishun, MRT"
